{
  "products": [
    {
      "Name": "Clear Base Coat",
      "Price": "$12",
      "id": 1,
      "image": "/Images/basecoat.jpeg"
    },
    {
      "Name": "Poppy Red",
      "Price": "$10",
      "id": 2,
      "image": "/Images/red.jpeg"
    },
    {
      "Name": "Midnight Blue",
      "Price": "$10",
      "id": 3,
      "image": "/Images/blue.jpeg"
    },
    {
      "Name": "Coral",
      "Price": "$10",
      "id": 4,
      "image": "/Images/coralbeach.jpeg"
    },
    {
      "Name": "Macaron Pink",
      "Price": "$10",
      "id": 5,
      "image": "/Images/pink.jpeg"
    },
    {
      "Name": "Fast Dry Top Coat",
      "Price": "$12",
      "id": 6,
      "image": "/Images/topcoat.jpeg"
    }
  ],
  "cart": []
}